Name,8:00 AM - 9:00 AM,9:00 AM - 10:00 AM,10:00 AM - 11:00 AM,11:00 AM - 12:00 PM,12:00 PM - 1:00 PM,1:00 PM - 2:00 PM,2:00 PM - 3:00 PM,3:00 PM - 4:00 PM,4:00 PM - 5:00 PM,5:00 PM - 6:00 PM
Kamrul Hasan,Free,Free,NotFree,Free,Free,NotFree,NotFree,NotFree,NotFree,NotFree
Ariful Islam,NotFree,NotFree,NotFree,NotFree,Free,NotFree,Free,Free,NotFree,Free
Michael Williams,NotFree,NotFree,NotFree,NotFree,Free,Free,NotFree,Free,Free,NotFree
Emily Davis,Free,NotFree,NotFree,Free,Free,NotFree,Free,NotFree,NotFree,NotFree
Andrew Wilson,NotFree,NotFree,NotFree,Free,NotFree,NotFree,Free,NotFree,Free,Free
Olivia Brown,NotFree,NotFree,NotFree,NotFree,NotFree,NotFree,Free,Free,Free,Free
Ethan Taylor,Free,NotFree,Free,Free,Free,NotFree,NotFree,NotFree,NotFree,NotFree
Ava Anderson,Free,NotFree,NotFree,NotFree,Free,NotFree,Free,NotFree,NotFree,Free
Benjamin Thompson,NotFree,NotFree,NotFree,Free,Free,Free,NotFree,NotFree,NotFree,Free
Mia Garcia,NotFree,NotFree,NotFree,NotFree,NotFree,NotFree,Free,Free,Free,Free
William Brown,NotFree,Free,NotFree,Free,NotFree,Free,NotFree,NotFree,NotFree,Free
Emma Wilson,NotFree,NotFree,NotFree,Free,NotFree,Free,NotFree,NotFree,Free,Free
James Johnson,Free,NotFree,Free,NotFree,NotFree,NotFree,Free,NotFree,NotFree,Free
Olivia Wilson,Free,NotFree,NotFree,NotFree,NotFree,NotFree,NotFree,Free,Free,Free
Michael Thompson,NotFree,NotFree,Free,NotFree,NotFree,Free,NotFree,NotFree,Free,Free
Charlotte Garcia,Free,Free,NotFree,NotFree,Free,NotFree,NotFree,NotFree,NotFree,Free
Aiden Martinez,Free,NotFree,Free,NotFree,NotFree,Free,NotFree,Free,NotFree,NotFree
Isabella Smith,NotFree,NotFree,Free,Free,Free,Free,NotFree,NotFree,NotFree,NotFree
Liam Taylor,NotFree,Free,Free,Free,Free,NotFree,NotFree,NotFree,NotFree,NotFree
Emma Davis,NotFree,NotFree,Free,Free,Free,NotFree,NotFree,NotFree,NotFree,NotFree
Noah Jones,Free,Free,NotFree,NotFree,NotFree,Free,NotFree,NotFree,NotFree,Free
Amelia Brown,NotFree,Free,Free,Free,NotFree,Free,NotFree,NotFree,NotFree,NotFree
Lucas Wilson,NotFree,NotFree,NotFree,Free,Free,NotFree,NotFree,NotFree,Free,Free
Mia Thompson,Free,Free,Free,NotFree,NotFree,NotFree,NotFree,NotFree,NotFree,Free
Alexander Martinez,Free,NotFree,Free,Free,NotFree,NotFree,NotFree,NotFree,NotFree,Free
Sophia Johnson,Free,NotFree,Free,NotFree,NotFree,Free,NotFree,NotFree,NotFree,Free
Ethan Wilson,NotFree,Free,NotFree,Free,Free,NotFree,NotFree,NotFree,Free,NotFree
Candace Kareem,NotFree,Free,NotFree,NotFree,Free,NotFree,Free,NotFree,NotFree,Free
James Smith,Free,NotFree,NotFree,Free,NotFree,Free,Free,NotFree,NotFree,NotFree
John Smith,Free,NotFree,NotFree,Free,NotFree,Free,NotFree,Free,NotFree,NotFree
Jessica Johnson,NotFree,NotFree,NotFree,Free,NotFree,Free,NotFree,Free,NotFree,Free
Michael Johnson,NotFree,NotFree,NotFree,Free,NotFree,NotFree,NotFree,Free,Free,Free
Emily Wilson,Free,NotFree,NotFree,Free,NotFree,Free,NotFree,NotFree,NotFree,Free
Chris Brown,NotFree,Free,NotFree,Free,NotFree,Free,Free,NotFree,NotFree,NotFree
Jessica Taylor,NotFree,NotFree,NotFree,Free,Free,Free,Free,NotFree,NotFree,NotFree
David Miller,NotFree,NotFree,Free,NotFree,NotFree,NotFree,Free,NotFree,NotFree,Free
Amy Anderson,NotFree,NotFree,Free,NotFree,Free,Free,NotFree,NotFree,Free,NotFree
Matthew Clark,NotFree,Free,Free,NotFree,Free,NotFree,Free,NotFree,NotFree,NotFree
Samantha Martinez,NotFree,NotFree,NotFree,Free,Free,NotFree,NotFree,NotFree,Free,Free
Ryan Wilson,Free,NotFree,NotFree,NotFree,Free,NotFree,Free,NotFree,Free,NotFree
Shanaya Andy,Free,NotFree,Free,NotFree,NotFree,NotFree,Free,NotFree,NotFree,NotFree
Rachel Thompson,Free,NotFree,Free,Free,NotFree,NotFree,notFree,Free,NotFree,NotFree
Scarlet Davis,NotFree,Free,Free,Free,Free,NotFree,NotFree,NotFree,NotFree,NotFree
Ramen Taylor,NotFree,NotFree,Free,NotFree,Free,NotFree,Free,NotFree,NotFree,Free
Riya Garcia,NotFree,NotFree,NotFree,Free,NotFree,Free,NotFree,NotFree,Free,Free